Well,Well Position,Dilution,Sample Name,Target Name,Class,Task,Reporter,Quencher,Quantity,Quantity Mean,Quantity SD,RQ,RQ Min,RQ Max,CT,Ct Mean,Ct SD,Delta Ct,Delta Ct Mean,Delta Ct SE,Delta Delta Ct,Automatic Ct Threshold,Ct Threshold,Automatic Baseline,Baseline Start,Baseline End,Comments,Tm1,Tm2,Tm3,Custom1
241,K1,1,A_300_0,IdhA,Control,UNKNOWN,SYBR,None,,,,1,0.200484231,4.987923145,19.517519,23.03872108,2.898193121,,3.448234797,1.024879932,0,TRUE,0.173799,TRUE,1,40,,83.53139496,,,
242,K2,1,A_300_0,IdhA,Control,UNKNOWN,SYBR,None,,,,1,0.200484231,4.987923145,19.4715004,23.03872108,2.898193121,,3.448234797,1.024879932,0,TRUE,0.173799,TRUE,1,40,,84.33643341,,,
243,K3,1,A_300_0,IdhA,Control,UNKNOWN,SYBR,None,,,,1,0.200484231,4.987923145,19.55838394,23.03872108,2.898193121,,3.448234797,1.024879932,0,TRUE,0.173799,TRUE,1,40,,83.66556549,,,
244,K4,1,A_300_40,IdhA,Control,UNKNOWN,SYBR,None,,,,0.25675413,0.057139192,1.153720975,18.95905304,21.86300278,2.761182785,,5.409775734,0.972935259,1.961540699,TRUE,0.173799,TRUE,1,40,,84.33643341,,,
245,K5,1,A_300_40,IdhA,Control,UNKNOWN,SYBR,None,,,,0.25675413,0.057139192,1.153720975,18.75251961,21.86300278,2.761182785,,5.409775734,0.972935259,1.961540699,TRUE,0.173799,TRUE,1,40,,84.33643341,,,
246,K6,1,A_300_40,IdhA,Control,UNKNOWN,SYBR,None,,,,0.25675413,0.057139192,1.153720975,18.49939346,21.86300278,2.761182785,,5.409775734,0.972935259,1.961540699,TRUE,0.173799,TRUE,1,40,,83.93391418,,,
247,K7,1,C_300_1,IdhA,Control,UNKNOWN,SYBR,None,,,,0.281281143,0.066387802,1.191771388,18.68302536,22.0913868,2.772156,,5.278150082,0.934871078,1.829915285,TRUE,0.173799,TRUE,1,40,,84.33643341,,,
248,K8,1,C_300_1,IdhA,Control,UNKNOWN,SYBR,None,,,,0.281281143,0.066387802,1.191771388,19.06565857,22.0913868,2.772156,,5.278150082,0.934871078,1.829915285,TRUE,0.173799,TRUE,1,40,,83.79974365,,,
249,K9,1,C_300_1,IdhA,Control,UNKNOWN,SYBR,None,,,,0.281281143,0.066387802,1.191771388,18.98394012,22.0913868,2.772156,,5.278150082,0.934871078,1.829915285,TRUE,0.173799,TRUE,1,40,,84.20225525,,,
250,K10,1,D_300_0,IdhA,Control,UNKNOWN,SYBR,None,,,,0.014852822,0.000415922,0.530403614,20.23732376,28.44960594,6.859375,,9.521353722,2.315062761,6.073119164,TRUE,0.173799,TRUE,1,40,,84.06808472,,,
251,K11,1,D_300_0,IdhA,Control,UNKNOWN,SYBR,None,,,,0.014852822,0.000415922,0.530403614,20.65377998,28.44960594,6.859375,,9.521353722,2.315062761,6.073119164,TRUE,0.173799,TRUE,1,40,,83.93391418,,,
252,K12,1,D_300_0,IdhA,Control,UNKNOWN,SYBR,None,,,,0.014852822,0.000415922,0.530403614,20.32675934,28.44960594,6.859375,,9.521353722,2.315062761,6.073119164,TRUE,0.173799,TRUE,1,40,,83.93391418,,,
253,K13,1,D_300_40,IdhA,Control,UNKNOWN,SYBR,None,,,,0.923963547,0.259730577,3.286900759,20.43432426,22.12517548,1.78062427,,3.562327147,0.774254203,0.114092194,TRUE,0.173799,TRUE,1,40,,83.93391418,,,
254,K14,1,D_300_40,IdhA,Control,UNKNOWN,SYBR,None,,,,0.923963547,0.259730577,3.286900759,20.29965019,22.12517548,1.78062427,,3.562327147,0.774254203,0.114092194,TRUE,0.173799,TRUE,1,40,,83.53139496,,,
255,K15,1,D_300_40,IdhA,Control,UNKNOWN,SYBR,None,,,,0.923963547,0.259730577,3.286900759,20.78958702,22.12517548,1.78062427,,3.562327147,0.774254203,0.114092194,TRUE,0.173799,TRUE,1,40,,83.66556549,,,
265,L1,0.1,A_300_0,IdhA,Control,UNKNOWN,SYBR,None,,,,1,0.200484231,4.987923145,24.04012871,23.03872108,2.898193121,,3.448234797,1.024879932,0,TRUE,0.173799,TRUE,1,40,,84.06808472,,,
266,L2,0.1,A_300_0,IdhA,Control,UNKNOWN,SYBR,None,,,,1,0.200484231,4.987923145,23.32683182,23.03872108,2.898193121,,3.448234797,1.024879932,0,TRUE,0.173799,TRUE,1,40,,84.47060394,,,
267,L3,0.1,A_300_0,IdhA,Control,UNKNOWN,SYBR,None,,,,1,0.200484231,4.987923145,23.07100296,23.03872108,2.898193121,,3.448234797,1.024879932,0,TRUE,0.173799,TRUE,1,40,,84.87312317,,,
268,L4,0.1,A_300_40,IdhA,Control,UNKNOWN,SYBR,None,,,,0.25675413,0.057139192,1.153720975,21.78115654,21.86300278,2.761182785,,5.409775734,0.972935259,1.961540699,TRUE,0.173799,TRUE,1,40,,84.20225525,,,
269,L5,0.1,A_300_40,IdhA,Control,UNKNOWN,SYBR,None,,,,0.25675413,0.057139192,1.153720975,21.91628647,21.86300278,2.761182785,,5.409775734,0.972935259,1.961540699,TRUE,0.173799,TRUE,1,40,,84.33643341,,,
270,L6,0.1,A_300_40,IdhA,Control,UNKNOWN,SYBR,None,,,,0.25675413,0.057139192,1.153720975,21.815979,21.86300278,2.761182785,,5.409775734,0.972935259,1.961540699,TRUE,0.173799,TRUE,1,40,,84.47060394,,,
271,L7,0.1,C_300_1,IdhA,Control,UNKNOWN,SYBR,None,,,,0.281281143,0.066387802,1.191771388,22.03919792,22.0913868,2.772156,,5.278150082,0.934871078,1.829915285,TRUE,0.173799,TRUE,1,40,,84.06808472,,,
272,L8,0.1,C_300_1,IdhA,Control,UNKNOWN,SYBR,None,,,,0.281281143,0.066387802,1.191771388,22.25362015,22.0913868,2.772156,,5.278150082,0.934871078,1.829915285,TRUE,0.173799,TRUE,1,40,,84.06808472,,,
273,L9,0.1,C_300_1,IdhA,Control,UNKNOWN,SYBR,None,,,,0.281281143,0.066387802,1.191771388,21.88655472,22.0913868,2.772156,,5.278150082,0.934871078,1.829915285,TRUE,0.173799,TRUE,1,40,,84.33643341,,,
274,L10,0.1,D_300_0,IdhA,Control,UNKNOWN,SYBR,None,,,,0.014852822,0.000415922,0.530403614,38.45103455,28.44960594,6.859375,,9.521353722,2.315062761,6.073119164,TRUE,0.173799,TRUE,1,40,,78.16447449,85.40982056,,
275,L11,0.1,D_300_0,IdhA,Control,UNKNOWN,SYBR,None,,,,0.014852822,0.000415922,0.530403614,35.40151978,28.44960594,6.859375,,9.521353722,2.315062761,6.073119164,TRUE,0.173799,TRUE,1,40,,83.26304626,,,
276,L12,0.1,D_300_0,IdhA,Control,UNKNOWN,SYBR,None,,,,0.014852822,0.000415922,0.530403614,32.39520264,28.44960594,6.859375,,9.521353722,2.315062761,6.073119164,TRUE,0.173799,TRUE,1,40,,87.95910645,83.53139496,,
277,L13,0.1,D_300_40,IdhA,Control,UNKNOWN,SYBR,None,,,,0.923963547,0.259730577,3.286900759,23.72942543,22.12517548,1.78062427,,3.562327147,0.774254203,0.114092194,TRUE,0.173799,TRUE,1,40,,84.20225525,,,
278,L14,0.1,D_300_40,IdhA,Control,UNKNOWN,SYBR,None,,,,0.923963547,0.259730577,3.286900759,23.62581444,22.12517548,1.78062427,,3.562327147,0.774254203,0.114092194,TRUE,0.173799,TRUE,1,40,,84.33643341,,,
279,L15,0.1,D_300_40,IdhA,Control,UNKNOWN,SYBR,None,,,,0.923963547,0.259730577,3.286900759,23.8722477,22.12517548,1.78062427,,3.562327147,0.774254203,0.114092194,TRUE,0.173799,TRUE,1,40,,84.47060394,,,
289,M1,0.01,A_300_0,IdhA,Control,UNKNOWN,SYBR,None,,,,1,0.200484231,4.987923145,26.60574913,23.03872108,2.898193121,,3.448234797,1.024879932,0,TRUE,0.173799,TRUE,1,40,,84.73895264,,,
290,M2,0.01,A_300_0,IdhA,Control,UNKNOWN,SYBR,None,,,,1,0.200484231,4.987923145,25.97378349,23.03872108,2.898193121,,3.448234797,1.024879932,0,TRUE,0.173799,TRUE,1,40,,84.6047821,,,
291,M3,0.01,A_300_0,IdhA,Control,UNKNOWN,SYBR,None,,,,1,0.200484231,4.987923145,25.78360176,23.03872108,2.898193121,,3.448234797,1.024879932,0,TRUE,0.173799,TRUE,1,40,,84.73895264,,,
292,M4,0.01,A_300_40,IdhA,Control,UNKNOWN,SYBR,None,,,,0.25675413,0.057139192,1.153720975,24.3019104,21.86300278,2.761182785,,5.409775734,0.972935259,1.961540699,TRUE,0.173799,TRUE,1,40,,84.6047821,,,
293,M5,0.01,A_300_40,IdhA,Control,UNKNOWN,SYBR,None,,,,0.25675413,0.057139192,1.153720975,24.66048813,21.86300278,2.761182785,,5.409775734,0.972935259,1.961540699,TRUE,0.173799,TRUE,1,40,,84.6047821,,,
294,M6,0.01,A_300_40,IdhA,Control,UNKNOWN,SYBR,None,,,,0.25675413,0.057139192,1.153720975,26.0802536,21.86300278,2.761182785,,5.409775734,0.972935259,1.961540699,TRUE,0.173799,TRUE,1,40,,84.6047821,,,
295,M7,0.01,C_300_1,IdhA,Control,UNKNOWN,SYBR,None,,,,0.281281143,0.066387802,1.191771388,25.43461227,22.0913868,2.772156,,5.278150082,0.934871078,1.829915285,TRUE,0.173799,TRUE,1,40,,84.47060394,,,
296,M8,0.01,C_300_1,IdhA,Control,UNKNOWN,SYBR,None,,,,0.281281143,0.066387802,1.191771388,25.25990486,22.0913868,2.772156,,5.278150082,0.934871078,1.829915285,TRUE,0.173799,TRUE,1,40,,84.47060394,,,
297,M9,0.01,C_300_1,IdhA,Control,UNKNOWN,SYBR,None,,,,0.281281143,0.066387802,1.191771388,25.21595764,22.0913868,2.772156,,5.278150082,0.934871078,1.829915285,TRUE,0.173799,TRUE,1,40,,84.33643341,,,
298,M10,0.01,D_300_0,IdhA,Control,UNKNOWN,SYBR,None,,,,0.014852822,0.000415922,0.530403614,30.77425003,28.44960594,6.859375,,9.521353722,2.315062761,6.073119164,TRUE,0.173799,TRUE,1,40,,84.20225525,79.37203217,,
299,M11,0.01,D_300_0,IdhA,Control,UNKNOWN,SYBR,None,,,,0.014852822,0.000415922,0.530403614,26.4062748,28.44960594,6.859375,,9.521353722,2.315062761,6.073119164,TRUE,0.173799,TRUE,1,40,,84.20225525,79.37203217,,
300,M12,0.01,D_300_0,IdhA,Control,UNKNOWN,SYBR,None,,,,0.014852822,0.000415922,0.530403614,31.40028,28.44960594,6.859375,,9.521353722,2.315062761,6.073119164,TRUE,0.173799,TRUE,1,40,,83.93391418,89.97169495,79.23786163,
301,M13,0.01,D_300_40,IdhA,Control,UNKNOWN,SYBR,None,,,,,,,NA,22.12517548,1.78062427,,,,,TRUE,0.173799,TRUE,1,40,,61.3928566,81.1162796,89.83752441,
302,M14,0.01,D_300_40,IdhA,Control,UNKNOWN,SYBR,None,,,,,,,NA,22.12517548,1.78062427,,,,,TRUE,0.173799,TRUE,1,40,,61.3928566,92.52098083,89.97169495,
303,M15,0.01,D_300_40,IdhA,Control,UNKNOWN,SYBR,None,,,,,,,NA,22.12517548,1.78062427,,,,,TRUE,0.173799,TRUE,1,40,,61.52703094,91.85011292,86.48320007,
313,N1,1,A_300_1,IdhA,Control,UNKNOWN,SYBR,None,,,,0.26696986,0.050402436,1.414076686,18.89863396,22.10793495,2.511071205,,5.353486061,1.079426169,1.905251145,TRUE,0.173799,TRUE,1,40,,84.06808472,,,
314,N2,1,A_300_1,IdhA,Control,UNKNOWN,SYBR,None,,,,0.26696986,0.050402436,1.414076686,19.0904026,22.10793495,2.511071205,,5.353486061,1.079426169,1.905251145,TRUE,0.173799,TRUE,1,40,,83.53139496,,,
315,N3,1,A_300_1,IdhA,Control,UNKNOWN,SYBR,None,,,,0.26696986,0.050402436,1.414076686,19.53254128,22.10793495,2.511071205,,5.353486061,1.079426169,1.905251145,TRUE,0.173799,TRUE,1,40,,84.20225525,,,
316,N4,1,C_300_0,IdhA,Control,UNKNOWN,SYBR,None,,,,0.465807378,0.108497925,1.999821901,19.32562256,22.20202827,2.64276433,,4.550429344,0.943417847,1.102194548,TRUE,0.173799,TRUE,1,40,,84.20225525,,,
317,N5,1,C_300_0,IdhA,Control,UNKNOWN,SYBR,None,,,,0.465807378,0.108497925,1.999821901,19.24466324,22.20202827,2.64276433,,4.550429344,0.943417847,1.102194548,TRUE,0.173799,TRUE,1,40,,83.79974365,,,
318,N6,1,C_300_0,IdhA,Control,UNKNOWN,SYBR,None,,,,0.465807378,0.108497925,1.999821901,19.20221901,22.20202827,2.64276433,,4.550429344,0.943417847,1.102194548,TRUE,0.173799,TRUE,1,40,,83.93391418,,,
319,N7,1,C_300_40,IdhA,Control,UNKNOWN,SYBR,None,,,,0.001447632,1.90E-05,0.110245816,18.75699043,27.99074745,7.778730392,,12.88032436,2.763241291,9.432089806,TRUE,0.173799,TRUE,1,40,,84.06808472,,,
320,N8,1,C_300_40,IdhA,Control,UNKNOWN,SYBR,None,,,,0.001447632,1.90E-05,0.110245816,18.80828667,27.99074745,7.778730392,,12.88032436,2.763241291,9.432089806,TRUE,0.173799,TRUE,1,40,,83.53139496,,,
321,N9,1,C_300_40,IdhA,Control,UNKNOWN,SYBR,None,,,,0.001447632,1.90E-05,0.110245816,18.32898521,27.99074745,7.778730392,,12.88032436,2.763241291,9.432089806,TRUE,0.173799,TRUE,1,40,,84.06808472,,,
322,N10,1,D_300_1,IdhA,Control,UNKNOWN,SYBR,None,,,,1.255005836,0.08788275,17.9220562,20.03092003,23.36379242,2.860924482,,3.120540857,1.721602678,-0.327694058,TRUE,0.173799,TRUE,1,40,,84.33643341,,,
323,N11,1,D_300_1,IdhA,Control,UNKNOWN,SYBR,None,,,,1.255005836,0.08788275,17.9220562,20.1497097,23.36379242,2.860924482,,3.120540857,1.721602678,-0.327694058,TRUE,0.173799,TRUE,1,40,,83.53139496,,,
324,N12,1,D_300_1,IdhA,Control,UNKNOWN,SYBR,None,,,,1.255005836,0.08788275,17.9220562,20.08125114,23.36379242,2.860924482,,3.120540857,1.721602678,-0.327694058,TRUE,0.173799,TRUE,1,40,,83.66556549,,,
337,O1,0.1,A_300_1,IdhA,Control,UNKNOWN,SYBR,None,,,,0.26696986,0.050402436,1.414076686,22.06396866,22.10793495,2.511071205,,5.353486061,1.079426169,1.905251145,TRUE,0.173799,TRUE,1,40,,83.93391418,,,
338,O2,0.1,A_300_1,IdhA,Control,UNKNOWN,SYBR,None,,,,0.26696986,0.050402436,1.414076686,22.60581589,22.10793495,2.511071205,,5.353486061,1.079426169,1.905251145,TRUE,0.173799,TRUE,1,40,,84.20225525,,,
339,O3,0.1,A_300_1,IdhA,Control,UNKNOWN,SYBR,None,,,,0.26696986,0.050402436,1.414076686,22.08579636,22.10793495,2.511071205,,5.353486061,1.079426169,1.905251145,TRUE,0.173799,TRUE,1,40,,84.6047821,,,
340,O4,0.1,C_300_0,IdhA,Control,UNKNOWN,SYBR,None,,,,0.465807378,0.108497925,1.999821901,21.96336937,22.20202827,2.64276433,,4.550429344,0.943417847,1.102194548,TRUE,0.173799,TRUE,1,40,,84.33643341,,,
341,O5,0.1,C_300_0,IdhA,Control,UNKNOWN,SYBR,None,,,,0.465807378,0.108497925,1.999821901,22.0306282,22.20202827,2.64276433,,4.550429344,0.943417847,1.102194548,TRUE,0.173799,TRUE,1,40,,84.06808472,,,
342,O6,0.1,C_300_0,IdhA,Control,UNKNOWN,SYBR,None,,,,0.465807378,0.108497925,1.999821901,22.00424385,22.20202827,2.64276433,,4.550429344,0.943417847,1.102194548,TRUE,0.173799,TRUE,1,40,,84.33643341,,,
343,O7,0.1,C_300_40,IdhA,Control,UNKNOWN,SYBR,None,,,,,,,NA,27.99074745,7.778730392,,,,,TRUE,0.173799,TRUE,1,40,,61.3928566,89.97169495,,
344,O8,0.1,C_300_40,IdhA,Control,UNKNOWN,SYBR,None,,,,0.001447632,1.90E-05,0.110245816,32.43870926,27.99074745,7.778730392,,12.88032436,2.763241291,9.432089806,TRUE,0.173799,TRUE,1,40,,79.10368347,84.06808472,,
345,O9,0.1,C_300_40,IdhA,Control,UNKNOWN,SYBR,None,,,,0.001447632,1.90E-05,0.110245816,34.5213089,27.99074745,7.778730392,,12.88032436,2.763241291,9.432089806,TRUE,0.173799,TRUE,1,40,,79.10368347,83.39722443,,
346,O10,0.1,D_300_1,IdhA,Control,UNKNOWN,SYBR,None,,,,1.255005836,0.08788275,17.9220562,23.06101608,23.36379242,2.860924482,,3.120540857,1.721602678,-0.327694058,TRUE,0.173799,TRUE,1,40,,84.06808472,,,
347,O11,0.1,D_300_1,IdhA,Control,UNKNOWN,SYBR,None,,,,1.255005836,0.08788275,17.9220562,23.27639198,23.36379242,2.860924482,,3.120540857,1.721602678,-0.327694058,TRUE,0.173799,TRUE,1,40,,84.06808472,,,
348,O12,0.1,D_300_1,IdhA,Control,UNKNOWN,SYBR,None,,,,1.255005836,0.08788275,17.9220562,23.73282433,23.36379242,2.860924482,,3.120540857,1.721602678,-0.327694058,TRUE,0.173799,TRUE,1,40,,84.6047821,,,
361,P1,0.01,A_300_1,IdhA,Control,UNKNOWN,SYBR,None,,,,0.26696986,0.050402436,1.414076686,24.16922569,22.10793495,2.511071205,,5.353486061,1.079426169,1.905251145,TRUE,0.173799,TRUE,1,40,,84.6047821,,,
362,P2,0.01,A_300_1,IdhA,Control,UNKNOWN,SYBR,None,,,,0.26696986,0.050402436,1.414076686,25.30809593,22.10793495,2.511071205,,5.353486061,1.079426169,1.905251145,TRUE,0.173799,TRUE,1,40,,84.6047821,,,
363,P3,0.01,A_300_1,IdhA,Control,UNKNOWN,SYBR,None,,,,0.26696986,0.050402436,1.414076686,25.21692276,22.10793495,2.511071205,,5.353486061,1.079426169,1.905251145,TRUE,0.173799,TRUE,1,40,,84.6047821,,,
364,P4,0.01,C_300_0,IdhA,Control,UNKNOWN,SYBR,None,,,,0.465807378,0.108497925,1.999821901,25.44605255,22.20202827,2.64276433,,4.550429344,0.943417847,1.102194548,TRUE,0.173799,TRUE,1,40,,84.33643341,,,
365,P5,0.01,C_300_0,IdhA,Control,UNKNOWN,SYBR,None,,,,0.465807378,0.108497925,1.999821901,25.26907349,22.20202827,2.64276433,,4.550429344,0.943417847,1.102194548,TRUE,0.173799,TRUE,1,40,,84.6047821,,,
366,P6,0.01,C_300_0,IdhA,Control,UNKNOWN,SYBR,None,,,,0.465807378,0.108497925,1.999821901,25.33238602,22.20202827,2.64276433,,4.550429344,0.943417847,1.102194548,TRUE,0.173799,TRUE,1,40,,84.6047821,,,
367,P7,0.01,C_300_40,IdhA,Control,UNKNOWN,SYBR,None,,,,0.001447632,1.90E-05,0.110245816,34.3615303,27.99074745,7.778730392,,12.88032436,2.763241291,9.432089806,TRUE,0.173799,TRUE,1,40,,83.79974365,78.03030396,,
368,P8,0.01,C_300_40,IdhA,Control,UNKNOWN,SYBR,None,,,,0.001447632,1.90E-05,0.110245816,33.18293762,27.99074745,7.778730392,,12.88032436,2.763241291,9.432089806,TRUE,0.173799,TRUE,1,40,,84.33643341,,,
369,P9,0.01,C_300_40,IdhA,Control,UNKNOWN,SYBR,None,,,,0.001447632,1.90E-05,0.110245816,33.52723694,27.99074745,7.778730392,,12.88032436,2.763241291,9.432089806,TRUE,0.173799,TRUE,1,40,,83.12887573,87.42240906,,
370,P10,0.01,D_300_1,IdhA,Control,UNKNOWN,SYBR,None,,,,1.255005836,0.08788275,17.9220562,26.439188,23.36379242,2.860924482,,3.120540857,1.721602678,-0.327694058,TRUE,0.173799,TRUE,1,40,,84.6047821,,,
371,P11,0.01,D_300_1,IdhA,Control,UNKNOWN,SYBR,None,,,,1.255005836,0.08788275,17.9220562,26.19466782,23.36379242,2.860924482,,3.120540857,1.721602678,-0.327694058,TRUE,0.173799,TRUE,1,40,,84.6047821,,,
372,P12,0.01,D_300_1,IdhA,Control,UNKNOWN,SYBR,None,,,,1.255005836,0.08788275,17.9220562,27.30818748,23.36379242,2.860924482,,3.120540857,1.721602678,-0.327694058,TRUE,0.173799,TRUE,1,40,,84.6047821,,,
259,K19,1,A_300_0,IdhA_noRT,Control,UNKNOWN,SYBR,None,,,,1,0.469369143,2.130519152,27.92193794,27.9623642,0.037549712,,8.37187767,0.342882514,0,TRUE,0.179077448,TRUE,1,40,,84.87312317,,,
260,K20,1,A_300_0,IdhA_noRT,Control,UNKNOWN,SYBR,None,,,,1,0.469369143,2.130519152,27.96900749,27.9623642,0.037549712,,8.37187767,0.342882514,0,TRUE,0.179077448,TRUE,1,40,,84.87312317,,,
261,K21,1,A_300_0,IdhA_noRT,Control,UNKNOWN,SYBR,None,,,,1,0.469369143,2.130519152,27.99615097,27.9623642,0.037549712,,8.37187767,0.342882514,0,TRUE,0.179077448,TRUE,1,40,,84.87312317,,,
262,K22,1,D_300_0,IdhA_noRT,Control,UNKNOWN,SYBR,None,,,,0.055466227,0.026881693,0.114446007,31.50826263,31.47237396,0.173500046,,12.5441246,0.376375407,4.172246456,TRUE,0.179077448,TRUE,1,40,,84.6047821,,,
263,K23,1,D_300_0,IdhA_noRT,Control,UNKNOWN,SYBR,None,,,,0.055466227,0.026881693,0.114446007,31.62512207,31.47237396,0.173500046,,12.5441246,0.376375407,4.172246456,TRUE,0.179077448,TRUE,1,40,,84.6047821,,,
264,K24,1,D_300_0,IdhA_noRT,Control,UNKNOWN,SYBR,None,,,,0.055466227,0.026881693,0.114446007,31.28373528,31.47237396,0.173500046,,12.5441246,0.376375407,4.172246456,TRUE,0.179077448,TRUE,1,40,,84.6047821,,,
283,L19,1,A_300_1,IdhA_noRT,Control,UNKNOWN,SYBR,None,,,,0.151971534,0.039521411,0.58437562,28.15878296,27.8444519,0.275160968,,11.09000492,0.699849904,2.718127012,TRUE,0.179077448,TRUE,1,40,,84.73895264,,,
284,L20,1,A_300_1,IdhA_noRT,Control,UNKNOWN,SYBR,None,,,,0.151971534,0.039521411,0.58437562,27.64715195,27.8444519,0.275160968,,11.09000492,0.699849904,2.718127012,TRUE,0.179077448,TRUE,1,40,,84.73895264,,,
285,L21,1,A_300_1,IdhA_noRT,Control,UNKNOWN,SYBR,None,,,,0.151971534,0.039521411,0.58437562,27.72742271,27.8444519,0.275160968,,11.09000492,0.699849904,2.718127012,TRUE,0.179077448,TRUE,1,40,,84.73895264,,,
286,L22,1,D_300_1,IdhA_noRT,Control,UNKNOWN,SYBR,None,,,,,,,NA,32.99263,0.038529638,,,,,TRUE,0.179077448,TRUE,1,40,,83.53139496,61.12451172,,
287,L23,1,D_300_1,IdhA_noRT,Control,UNKNOWN,SYBR,None,,,,0.048110723,0.002036247,1.136719346,32.96538544,32.99263,0.038529638,,12.74937534,1.433606029,4.377497673,TRUE,0.179077448,TRUE,1,40,,84.47060394,,,
288,L24,1,D_300_1,IdhA_noRT,Control,UNKNOWN,SYBR,None,,,,0.048110723,0.002036247,1.136719346,33.01987457,32.99263,0.038529638,,12.74937534,1.433606029,4.377497673,TRUE,0.179077448,TRUE,1,40,,84.47060394,,,
307,M19,1,A_300_40,IdhA_noRT,Control,UNKNOWN,SYBR,None,,,,0.080853224,0.044041548,0.148433566,28.45627785,28.45365715,0.022593286,,12.00042915,0.315669924,3.628550768,TRUE,0.179077448,TRUE,1,40,,84.6047821,,,
308,M20,1,A_300_40,IdhA_noRT,Control,UNKNOWN,SYBR,None,,,,0.080853224,0.044041548,0.148433566,28.4298687,28.45365715,0.022593286,,12.00042915,0.315669924,3.628550768,TRUE,0.179077448,TRUE,1,40,,84.6047821,,,
309,M21,1,A_300_40,IdhA_noRT,Control,UNKNOWN,SYBR,None,,,,0.080853224,0.044041548,0.148433566,28.47482681,28.45365715,0.022593286,,12.00042915,0.315669924,3.628550768,TRUE,0.179077448,TRUE,1,40,,84.6047821,,,
310,M22,1,D_300_40,IdhA_noRT,Control,UNKNOWN,SYBR,None,,,,0.165012851,0.001639007,16.61325455,24.77103424,29.53407478,4.125024319,,10.97122765,2.396450281,2.599349737,TRUE,0.179077448,TRUE,1,40,,84.47060394,,,
311,M23,1,D_300_40,IdhA_noRT,Control,UNKNOWN,SYBR,None,,,,0.165012851,0.001639007,16.61325455,31.88552666,29.53407478,4.125024319,,10.97122765,2.396450281,2.599349737,TRUE,0.179077448,TRUE,1,40,,84.47060394,,,
312,M24,1,D_300_40,IdhA_noRT,Control,UNKNOWN,SYBR,None,,,,0.165012851,0.001639007,16.61325455,31.94566536,29.53407478,4.125024319,,10.97122765,2.396450281,2.599349737,TRUE,0.179077448,TRUE,1,40,,84.33643341,,,
331,N19,1,C_300_0,IdhA_noRT,Control,UNKNOWN,SYBR,None,,,,0.226047501,0.11599879,0.440500051,28.27980232,28.16877937,0.136018485,,10.51718044,0.346672177,2.145302057,TRUE,0.179077448,TRUE,1,40,,84.6047821,,,
332,N20,1,C_300_0,IdhA_noRT,Control,UNKNOWN,SYBR,None,,,,0.226047501,0.11599879,0.440500051,28.01705742,28.16877937,0.136018485,,10.51718044,0.346672177,2.145302057,TRUE,0.179077448,TRUE,1,40,,84.6047821,,,
333,N21,1,C_300_0,IdhA_noRT,Control,UNKNOWN,SYBR,None,,,,0.226047501,0.11599879,0.440500051,28.20947838,28.16877937,0.136018485,,10.51718044,0.346672177,2.145302057,TRUE,0.179077448,TRUE,1,40,,84.6047821,,,
355,O19,1,C_300_1,IdhA_noRT,Control,UNKNOWN,SYBR,None,,,,0.02928363,0.015452995,0.055492867,30.83096504,30.27887535,0.520234227,,13.46564007,0.332154214,5.093761921,TRUE,0.179077448,TRUE,1,40,,84.47060394,,,
356,O20,1,C_300_1,IdhA_noRT,Control,UNKNOWN,SYBR,None,,,,0.02928363,0.015452995,0.055492867,30.20787048,30.27887535,0.520234227,,13.46564007,0.332154214,5.093761921,TRUE,0.179077448,TRUE,1,40,,84.47060394,,,
357,O21,1,C_300_1,IdhA_noRT,Control,UNKNOWN,SYBR,None,,,,0.02928363,0.015452995,0.055492867,29.79779053,30.27887535,0.520234227,,13.46564007,0.332154214,5.093761921,TRUE,0.179077448,TRUE,1,40,,84.33643341,,,
379,P19,1,C_300_40,IdhA_noRT,Control,UNKNOWN,SYBR,None,,,,0.011433651,0.001855495,0.070454717,30.55937767,29.93287086,1.569278598,,14.82244778,0.944881022,6.450570107,TRUE,0.179077448,TRUE,1,40,,84.06808472,,,
380,P20,1,C_300_40,IdhA_noRT,Control,UNKNOWN,SYBR,None,,,,0.011433651,0.001855495,0.070454717,28.14711952,29.93287086,1.569278598,,14.82244778,0.944881022,6.450570107,TRUE,0.179077448,TRUE,1,40,,84.47060394,,,
381,P21,1,C_300_40,IdhA_noRT,Control,UNKNOWN,SYBR,None,,,,0.011433651,0.001855495,0.070454717,31.09211731,29.93287086,1.569278598,,14.82244778,0.944881022,6.450570107,TRUE,0.179077448,TRUE,1,40,,84.33643341,,,
13,A13,1,A_300_0,nc31,Lambda,UNKNOWN,SYBR,None,,,,1,0.308164358,3.24502182,18.27735519,17.50674057,0.709201694,,-2.083747625,0.533623576,0,TRUE,0.184432089,TRUE,1,40,,82.59218597,,,
14,A14,1,A_300_0,nc31,Lambda,UNKNOWN,SYBR,None,,,,1,0.308164358,3.24502182,17.36139297,17.50674057,0.709201694,,-2.083747625,0.533623576,0,TRUE,0.184432089,TRUE,1,40,,82.9947052,,,
15,A15,1,A_300_0,nc31,Lambda,UNKNOWN,SYBR,None,,,,1,0.308164358,3.24502182,16.88147163,17.50674057,0.709201694,,-2.083747625,0.533623576,0,TRUE,0.184432089,TRUE,1,40,,84.33643341,,,
37,B13,1,A_300_1,nc31,Lambda,UNKNOWN,SYBR,None,,,,0.218209624,0.057486683,0.828286409,17.01842308,16.86691284,0.218169481,,0.112465858,0.69312197,2.196213484,TRUE,0.184432089,TRUE,1,40,,82.59218597,,,
38,B14,1,A_300_1,nc31,Lambda,UNKNOWN,SYBR,None,,,,0.218209624,0.057486683,0.828286409,16.96546173,16.86691284,0.218169481,,0.112465858,0.69312197,2.196213484,TRUE,0.184432089,TRUE,1,40,,82.72635651,,,
39,B15,1,A_300_1,nc31,Lambda,UNKNOWN,SYBR,None,,,,0.218209624,0.057486683,0.828286409,16.61685562,16.86691284,0.218169481,,0.112465858,0.69312197,2.196213484,TRUE,0.184432089,TRUE,1,40,,83.93391418,,,
61,C13,1,A_300_40,nc31,Lambda,UNKNOWN,SYBR,None,,,,3.399856091,1.770664334,6.52807045,12.81030369,12.60400772,0.215192065,,-3.84922123,0.338988513,-1.765473723,TRUE,0.184432089,TRUE,1,40,,82.72635651,,,
62,C14,1,A_300_40,nc31,Lambda,UNKNOWN,SYBR,None,,,,3.399856091,1.770664334,6.52807045,12.62081432,12.60400772,0.215192065,,-3.84922123,0.338988513,-1.765473723,TRUE,0.184432089,TRUE,1,40,,82.86052704,,,
63,C15,1,A_300_40,nc31,Lambda,UNKNOWN,SYBR,None,,,,3.399856091,1.770664334,6.52807045,12.38090515,12.60400772,0.215192065,,-3.84922123,0.338988513,-1.765473723,TRUE,0.184432089,TRUE,1,40,,84.33643341,,,
85,D13,1,C_300_0,nc31,Lambda,UNKNOWN,SYBR,None,,,,,,,NA,,,,,,,TRUE,0.184432089,TRUE,1,40,,61.3928566,88.36161804,92.11846924,
86,D14,1,C_300_0,nc31,Lambda,UNKNOWN,SYBR,None,,,,,,,NA,,,,,,,TRUE,0.184432089,TRUE,1,40,,61.3928566,88.89831543,74.94432068,
87,D15,1,C_300_0,nc31,Lambda,UNKNOWN,SYBR,None,,,,,,,NA,,,,,,,TRUE,0.184432089,TRUE,1,40,,61.25868225,92.25263977,86.21485138,
109,E13,1,C_300_1,nc31,Lambda,UNKNOWN,SYBR,None,,,,0.316454738,0.223477811,0.448114276,16.43613243,16.38941765,0.194128484,,-0.423818588,0.180759043,1.659928918,TRUE,0.184432089,TRUE,1,40,,82.32383728,,,
110,E14,1,C_300_1,nc31,Lambda,UNKNOWN,SYBR,None,,,,0.316454738,0.223477811,0.448114276,16.55592537,16.38941765,0.194128484,,-0.423818588,0.180759043,1.659928918,TRUE,0.184432089,TRUE,1,40,,82.9947052,,,
111,E15,1,C_300_1,nc31,Lambda,UNKNOWN,SYBR,None,,,,0.316454738,0.223477811,0.448114276,16.17619324,16.38941765,0.194128484,,-0.423818588,0.180759043,1.659928918,TRUE,0.184432089,TRUE,1,40,,84.20225525,,,
133,F13,1,C_300_40,nc31,Lambda,UNKNOWN,SYBR,None,,,,2.489041328,1.463683248,4.232696533,11.80159378,11.71108532,0.112147614,,-3.399337769,0.275887638,-1.315590262,TRUE,0.184432089,TRUE,1,40,,82.86052704,,,
134,F14,1,C_300_40,nc31,Lambda,UNKNOWN,SYBR,None,,,,2.489041328,1.463683248,4.232696533,11.58562374,11.71108532,0.112147614,,-3.399337769,0.275887638,-1.315590262,TRUE,0.184432089,TRUE,1,40,,83.26304626,,,
135,F15,1,C_300_40,nc31,Lambda,UNKNOWN,SYBR,None,,,,2.489041328,1.463683248,4.232696533,11.74603939,11.71108532,0.112147614,,-3.399337769,0.275887638,-1.315590262,TRUE,0.184432089,TRUE,1,40,,84.20225525,,,
157,G13,1,D_300_0,nc31,Lambda,UNKNOWN,SYBR,None,,,,0.32436946,0.142875075,0.73641634,18.90916252,18.46879005,0.386863947,,-0.459457397,0.426042557,1.624290109,TRUE,0.184432089,TRUE,1,40,,82.86052704,,,
158,G14,1,D_300_0,nc31,Lambda,UNKNOWN,SYBR,None,,,,0.32436946,0.142875075,0.73641634,18.18365479,18.46879005,0.386863947,,-0.459457397,0.426042557,1.624290109,TRUE,0.184432089,TRUE,1,40,,83.26304626,,,
159,G15,1,D_300_0,nc31,Lambda,UNKNOWN,SYBR,None,,,,0.32436946,0.142875075,0.73641634,18.31355667,18.46879005,0.386863947,,-0.459457397,0.426042557,1.624290109,TRUE,0.184432089,TRUE,1,40,,84.20225525,,,
181,H13,1,D_300_1,nc31,Lambda,UNKNOWN,SYBR,None,,,,1.180651307,0.072650783,19.18682289,18.11936188,17.91992378,0.365305126,,-2.323330641,1.448781013,-0.239583015,TRUE,0.184432089,TRUE,1,40,,83.12887573,,,
182,H14,1,D_300_1,nc31,Lambda,UNKNOWN,SYBR,None,,,,1.180651307,0.072650783,19.18682289,17.49831009,17.91992378,0.365305126,,-2.323330641,1.448781013,-0.239583015,TRUE,0.184432089,TRUE,1,40,,83.12887573,,,
183,H15,1,D_300_1,nc31,Lambda,UNKNOWN,SYBR,None,,,,1.180651307,0.072650783,19.18682289,18.14209938,17.91992378,0.365305126,,-2.323330641,1.448781013,-0.239583015,TRUE,0.184432089,TRUE,1,40,,84.20225525,,,
205,I13,1,D_300_40,nc31,Lambda,UNKNOWN,SYBR,None,,,,9.478377342,1.183687806,75.89807892,14.33025932,13.23445988,1.814557552,,-5.328387737,1.081005216,-3.244640112,TRUE,0.184432089,TRUE,1,40,,83.26304626,,,
206,I14,1,D_300_40,nc31,Lambda,UNKNOWN,SYBR,None,,,,9.478377342,1.183687806,75.89807892,14.23318195,13.23445988,1.814557552,,-5.328387737,1.081005216,-3.244640112,TRUE,0.184432089,TRUE,1,40,,83.39722443,,,
207,I15,1,D_300_40,nc31,Lambda,UNKNOWN,SYBR,None,,,,9.478377342,1.183687806,75.89807892,11.13993931,13.23445988,1.814557552,,-5.328387737,1.081005216,-3.244640112,TRUE,0.184432089,TRUE,1,40,,84.33643341,,,
19,A19,1,A_300_0,R,Lambda,UNKNOWN,SYBR,None,,,,1,0.228561461,4.375190735,18.72801971,19.16202354,0.995867968,,-0.42846331,0.669090986,0,TRUE,0.125531289,TRUE,1,40,,82.18966675,,,
20,A20,1,A_300_0,R,Lambda,UNKNOWN,SYBR,None,,,,1,0.228561461,4.375190735,18.45681,19.16202354,0.995867968,,-0.42846331,0.669090986,0,TRUE,0.125531289,TRUE,1,40,,82.32383728,,,
21,A21,1,A_300_0,R,Lambda,UNKNOWN,SYBR,None,,,,1,0.228561461,4.375190735,20.30124283,19.16202354,0.995867968,,-0.42846331,0.669090986,0,TRUE,0.125531289,TRUE,1,40,,83.66556549,,,
43,B19,1,A_300_1,R,Lambda,UNKNOWN,SYBR,None,,,,0.167141482,0.044473834,0.628150821,18.93362427,18.90684319,0.161704272,,2.15239501,0.687944889,2.580858231,TRUE,0.125531289,TRUE,1,40,,83.12887573,,,
44,B20,1,A_300_1,R,Lambda,UNKNOWN,SYBR,None,,,,0.167141482,0.044473834,0.628150821,18.73341942,18.90684319,0.161704272,,2.15239501,0.687944889,2.580858231,TRUE,0.125531289,TRUE,1,40,,83.26304626,,,
45,B21,1,A_300_1,R,Lambda,UNKNOWN,SYBR,None,,,,0.167141482,0.044473834,0.628150821,19.05348396,18.90684319,0.161704272,,2.15239501,0.687944889,2.580858231,TRUE,0.125531289,TRUE,1,40,,84.20225525,,,
67,C19,1,A_300_40,R,Lambda,UNKNOWN,SYBR,None,,,,2.369501352,1.118087292,5.02155447,14.4425993,14.78018188,0.398107231,,-1.673046708,0.390265465,-1.244583488,TRUE,0.125531289,TRUE,1,40,,83.79974365,,,
68,C20,1,A_300_40,R,Lambda,UNKNOWN,SYBR,None,,,,2.369501352,1.118087292,5.02155447,14.67875576,14.78018188,0.398107231,,-1.673046708,0.390265465,-1.244583488,TRUE,0.125531289,TRUE,1,40,,83.26304626,,,
69,C21,1,A_300_40,R,Lambda,UNKNOWN,SYBR,None,,,,2.369501352,1.118087292,5.02155447,15.21919155,14.78018188,0.398107231,,-1.673046708,0.390265465,-1.244583488,TRUE,0.125531289,TRUE,1,40,,84.33643341,,,
91,D19,1,C_300_0,R,Lambda,UNKNOWN,SYBR,None,,,,0.155292884,0.061531529,0.391927212,19.54575157,19.91007233,0.593437493,,2.258473158,0.48104465,2.686936378,TRUE,0.125531289,TRUE,1,40,,83.53139496,,,
92,D20,1,C_300_0,R,Lambda,UNKNOWN,SYBR,None,,,,0.155292884,0.061531529,0.391927212,19.58961868,19.91007233,0.593437493,,2.258473158,0.48104465,2.686936378,TRUE,0.125531289,TRUE,1,40,,83.53139496,,,
93,D21,1,C_300_0,R,Lambda,UNKNOWN,SYBR,None,,,,0.155292884,0.061531529,0.391927212,20.59484673,19.91007233,0.593437493,,2.258473158,0.48104465,2.686936378,TRUE,0.125531289,TRUE,1,40,,84.20225525,,,
115,E19,1,C_300_1,R,Lambda,UNKNOWN,SYBR,None,,,,0.139699683,0.103986807,0.187677681,19.32434464,19.22437096,0.101322353,,2.411135912,0.153407782,2.839599371,TRUE,0.125531289,TRUE,1,40,,84.06808472,,,
116,E20,1,C_300_1,R,Lambda,UNKNOWN,SYBR,None,,,,0.139699683,0.103986807,0.187677681,19.12175179,19.22437096,0.101322353,,2.411135912,0.153407782,2.839599371,TRUE,0.125531289,TRUE,1,40,,82.59218597,,,
117,E21,1,C_300_1,R,Lambda,UNKNOWN,SYBR,None,,,,0.139699683,0.103986807,0.187677681,19.22701836,19.22437096,0.101322353,,2.411135912,0.153407782,2.839599371,TRUE,0.125531289,TRUE,1,40,,84.06808472,,,
139,F19,1,C_300_40,R,Lambda,UNKNOWN,SYBR,None,,,,1.578098178,0.880843222,2.827283621,13.93911457,14.02377319,0.244213939,,-1.086650252,0.302988082,-0.658186913,TRUE,0.125531289,TRUE,1,40,,83.26304626,,,
140,F20,1,C_300_40,R,Lambda,UNKNOWN,SYBR,None,,,,1.578098178,0.880843222,2.827283621,13.83315372,14.02377319,0.244213939,,-1.086650252,0.302988082,-0.658186913,TRUE,0.125531289,TRUE,1,40,,83.39722443,,,
141,F21,1,C_300_40,R,Lambda,UNKNOWN,SYBR,None,,,,1.578098178,0.880843222,2.827283621,14.29905128,14.02377319,0.244213939,,-1.086650252,0.302988082,-0.658186913,TRUE,0.125531289,TRUE,1,40,,84.06808472,,,
163,G19,1,D_300_0,R,Lambda,UNKNOWN,SYBR,None,,,,0.158974603,0.076585077,0.329998016,21.35052872,21.15291786,0.192841426,,2.224668503,0.379500061,2.653131723,TRUE,0.125531289,TRUE,1,40,,83.26304626,,,
164,G20,1,D_300_0,R,Lambda,UNKNOWN,SYBR,None,,,,0.158974603,0.076585077,0.329998016,21.14299393,21.15291786,0.192841426,,2.224668503,0.379500061,2.653131723,TRUE,0.125531289,TRUE,1,40,,83.39722443,,,
165,G21,1,D_300_0,R,Lambda,UNKNOWN,SYBR,None,,,,0.158974603,0.076585077,0.329998016,20.96522903,21.15291786,0.192841426,,2.224668503,0.379500061,2.653131723,TRUE,0.125531289,TRUE,1,40,,84.06808472,,,
187,H19,1,D_300_1,R,Lambda,UNKNOWN,SYBR,None,,,,1.249762297,0.05212279,29.96588898,19.35204697,19.49313736,0.199531943,,-0.750117004,1.440274477,-0.321653694,TRUE,0.125531289,TRUE,1,40,,83.53139496,,,
188,H20,1,D_300_1,R,Lambda,UNKNOWN,SYBR,None,,,,1.249762297,0.05212279,29.96588898,19.63422775,19.49313736,0.199531943,,-0.750117004,1.440274477,-0.321653694,TRUE,0.125531289,TRUE,1,40,,82.86052704,,,
189,H21,1,D_300_1,R,Lambda,UNKNOWN,SYBR,None,,,,,,,NA,19.49313736,0.199531943,,,,,TRUE,0.125531289,TRUE,1,40,,61.3928566,,,
211,I19,1,D_300_40,R,Lambda,UNKNOWN,SYBR,None,,,,1.43669486,0.756320357,2.729124308,18.01200294,17.61163139,0.34696117,,-0.951216996,0.333406329,-0.522753716,TRUE,0.125531289,TRUE,1,40,,83.12887573,,,
212,I20,1,D_300_40,R,Lambda,UNKNOWN,SYBR,None,,,,1.43669486,0.756320357,2.729124308,17.42403984,17.61163139,0.34696117,,-0.951216996,0.333406329,-0.522753716,TRUE,0.125531289,TRUE,1,40,,82.9947052,,,
213,I21,1,D_300_40,R,Lambda,UNKNOWN,SYBR,None,,,,1.43669486,0.756320357,2.729124308,17.39884949,17.61163139,0.34696117,,-0.951216996,0.333406329,-0.522753716,TRUE,0.125531289,TRUE,1,40,,84.20225525,,,
22,A22,1,A_300_0,S,Lambda,UNKNOWN,SYBR,None,,,,1,0.009800473,102.0358887,19.68778038,21.77773857,3.58306241,,2.187251091,2.096793652,0,TRUE,0.174710588,TRUE,1,40,,79.77455139,,,
23,A23,1,A_300_0,S,Lambda,UNKNOWN,SYBR,None,,,,1,0.009800473,102.0358887,19.73040581,21.77773857,3.58306241,,2.187251091,2.096793652,0,TRUE,0.174710588,TRUE,1,40,,79.64038086,,,
24,A24,1,A_300_0,S,Lambda,UNKNOWN,SYBR,None,,,,1,0.009800473,102.0358887,25.91502953,21.77773857,3.58306241,,2.187251091,2.096793652,0,TRUE,0.174710588,TRUE,1,40,,80.44541931,,,
46,B22,1,A_300_1,S,Lambda,UNKNOWN,SYBR,None,,,,0.455718666,0.11053171,1.878913403,20.40096855,20.07548332,0.48143661,,3.321035624,0.736079097,1.133784652,TRUE,0.174710588,TRUE,1,40,,80.44541931,,,
47,B23,1,A_300_1,S,Lambda,UNKNOWN,SYBR,None,,,,0.455718666,0.11053171,1.878913403,19.5224514,20.07548332,0.48143661,,3.321035624,0.736079097,1.133784652,TRUE,0.174710588,TRUE,1,40,,80.57958984,,,
48,B24,1,A_300_1,S,Lambda,UNKNOWN,SYBR,None,,,,0.455718666,0.11053171,1.878913403,20.30303001,20.07548332,0.48143661,,3.321035624,0.736079097,1.133784652,TRUE,0.174710588,TRUE,1,40,,81.1162796,,,
70,C22,1,A_300_40,S,Lambda,UNKNOWN,SYBR,None,,,,8.310698509,3.925325394,17.5954113,15.45842934,15.58551025,0.179719552,,-0.867718697,0.340039551,-3.054969788,TRUE,0.174710588,TRUE,1,40,,80.44541931,,,
71,C23,1,A_300_40,S,Lambda,UNKNOWN,SYBR,None,,,,,,,NA,15.58551025,0.179719552,,,,,TRUE,0.174710588,TRUE,1,40,,61.25868225,93.59436798,89.30082703,
72,C24,1,A_300_40,S,Lambda,UNKNOWN,SYBR,None,,,,8.310698509,3.925325394,17.5954113,15.71259117,15.58551025,0.179719552,,-0.867718697,0.340039551,-3.054969788,TRUE,0.174710588,TRUE,1,40,,81.1162796,,,
94,D22,1,C_300_0,S,Lambda,UNKNOWN,SYBR,None,,,,0.488608032,0.245355442,0.973028421,20.73738861,20.87210083,0.205723494,,3.220501661,0.3579413,1.033250451,TRUE,0.174710588,TRUE,1,40,,80.44541931,,,
95,D23,1,C_300_0,S,Lambda,UNKNOWN,SYBR,None,,,,0.488608032,0.245355442,0.973028421,20.7700119,20.87210083,0.205723494,,3.220501661,0.3579413,1.033250451,TRUE,0.174710588,TRUE,1,40,,80.31124115,,,
96,D24,1,C_300_0,S,Lambda,UNKNOWN,SYBR,None,,,,0.488608032,0.245355442,0.973028421,21.10890198,20.87210083,0.205723494,,3.220501661,0.3579413,1.033250451,TRUE,0.174710588,TRUE,1,40,,81.1162796,,,
118,E22,1,C_300_1,S,Lambda,UNKNOWN,SYBR,None,,,,0.372616798,0.208146468,0.66704607,20.95920753,20.42472076,0.462953925,,3.611486435,0.302578896,1.424235344,TRUE,0.174710588,TRUE,1,40,,79.23786163,,,
119,E23,1,C_300_1,S,Lambda,UNKNOWN,SYBR,None,,,,0.372616798,0.208146468,0.66704607,20.16586304,20.42472076,0.462953925,,3.611486435,0.302578896,1.424235344,TRUE,0.174710588,TRUE,1,40,,80.31124115,,,
120,E24,1,C_300_1,S,Lambda,UNKNOWN,SYBR,None,,,,0.372616798,0.208146468,0.66704607,20.14909554,20.42472076,0.462953925,,3.611486435,0.302578896,1.424235344,TRUE,0.174710588,TRUE,1,40,,80.98210907,,,
142,F22,1,C_300_40,S,Lambda,UNKNOWN,SYBR,None,,,,4.240864754,2.261254549,7.953521252,15.54322052,15.21331501,0.323348463,,0.102892555,0.326761425,-2.084358454,TRUE,0.174710588,TRUE,1,40,,80.98210907,,,
143,F23,1,C_300_40,S,Lambda,UNKNOWN,SYBR,None,,,,4.240864754,2.261254549,7.953521252,14.89694881,15.21331501,0.323348463,,0.102892555,0.326761425,-2.084358454,TRUE,0.174710588,TRUE,1,40,,80.17707062,,,
144,F24,1,C_300_40,S,Lambda,UNKNOWN,SYBR,None,,,,4.240864754,2.261254549,7.953521252,15.19977856,15.21331501,0.323348463,,0.102892555,0.326761425,-2.084358454,TRUE,0.174710588,TRUE,1,40,,81.1162796,,,
166,G22,1,D_300_0,S,Lambda,UNKNOWN,SYBR,None,,,,0.446525931,0.207627028,0.960305572,22.49198151,22.27868462,0.28302303,,3.350435257,0.39790079,1.163184166,TRUE,0.174710588,TRUE,1,40,,80.04290009,,,
167,G23,1,D_300_0,S,Lambda,UNKNOWN,SYBR,None,,,,0.446525931,0.207627028,0.960305572,22.38646507,22.27868462,0.28302303,,3.350435257,0.39790079,1.163184166,TRUE,0.174710588,TRUE,1,40,,80.04290009,,,
168,G24,1,D_300_0,S,Lambda,UNKNOWN,SYBR,None,,,,0.446525931,0.207627028,0.960305572,21.95760536,22.27868462,0.28302303,,3.350435257,0.39790079,1.163184166,TRUE,0.174710588,TRUE,1,40,,80.98210907,,,
190,H22,1,D_300_1,S,Lambda,UNKNOWN,SYBR,None,,,,2.607727528,0.15830636,42.95621872,20.59453583,21.04771233,0.441335499,,0.804457963,1.455819249,-1.382793069,TRUE,0.174710588,TRUE,1,40,,80.17707062,,,
191,H23,1,D_300_1,S,Lambda,UNKNOWN,SYBR,None,,,,2.607727528,0.15830636,42.95621872,21.47616768,21.04771233,0.441335499,,0.804457963,1.455819249,-1.382793069,TRUE,0.174710588,TRUE,1,40,,80.17707062,,,
192,H24,1,D_300_1,S,Lambda,UNKNOWN,SYBR,None,,,,2.607727528,0.15830636,42.95621872,21.07243347,21.04771233,0.441335499,,0.804457963,1.455819249,-1.382793069,TRUE,0.174710588,TRUE,1,40,,80.98210907,,,
214,I22,1,D_300_40,S,Lambda,UNKNOWN,SYBR,None,,,,6.3268466,3.762820959,10.63802624,18.02313614,18.0886116,0.074975163,,-0.474235535,0.270011485,-2.661486626,TRUE,0.174710588,TRUE,1,40,,80.44541931,,,
215,I23,1,D_300_40,S,Lambda,UNKNOWN,SYBR,None,,,,6.3268466,3.762820959,10.63802624,18.17040062,18.0886116,0.074975163,,-0.474235535,0.270011485,-2.661486626,TRUE,0.174710588,TRUE,1,40,,80.17707062,,,
216,I24,1,D_300_40,S,Lambda,UNKNOWN,SYBR,None,,,,6.3268466,3.762820959,10.63802624,18.07229996,18.0886116,0.074975163,,-0.474235535,0.270011485,-2.661486626,TRUE,0.174710588,TRUE,1,40,,80.98210907,,,
16,A16,1,A_300_0,so4793,Lambda,UNKNOWN,SYBR,None,,,,1,0.353495657,2.828889132,16.57848358,16.89559937,0.561592221,,-2.69488883,0.471409619,0,TRUE,0.175555143,TRUE,1,40,,78.16447449,,,
17,A17,1,A_300_0,so4793,Lambda,UNKNOWN,SYBR,None,,,,1,0.353495657,2.828889132,16.56429482,16.89559937,0.561592221,,-2.69488883,0.471409619,0,TRUE,0.175555143,TRUE,1,40,,78.96951294,,,
18,A18,1,A_300_0,so4793,Lambda,UNKNOWN,SYBR,None,,,,1,0.353495657,2.828889132,17.54401779,16.89559937,0.561592221,,-2.69488883,0.471409619,0,TRUE,0.175555143,TRUE,1,40,,78.56699371,,,
40,B16,1,A_300_1,so4793,Lambda,UNKNOWN,SYBR,None,,,,0.167214274,0.043703634,0.63977778,16.83411598,16.63978767,0.254580557,,-0.114658676,0.697248757,2.580229998,TRUE,0.175555143,TRUE,1,40,,77.89613342,,,
41,B17,1,A_300_1,so4793,Lambda,UNKNOWN,SYBR,None,,,,0.167214274,0.043703634,0.63977778,16.73364639,16.63978767,0.254580557,,-0.114658676,0.697248757,2.580229998,TRUE,0.175555143,TRUE,1,40,,79.23786163,,,
42,B18,1,A_300_1,so4793,Lambda,UNKNOWN,SYBR,None,,,,0.167214274,0.043703634,0.63977778,16.35160446,16.63978767,0.254580557,,-0.114658676,0.697248757,2.580229998,TRUE,0.175555143,TRUE,1,40,,78.96951294,,,
64,C16,1,A_300_40,so4793,Lambda,UNKNOWN,SYBR,None,,,,1.711305737,0.920435429,3.181719542,13.10235119,12.98324299,0.11446812,,-3.4699862,0.322249889,-0.775097549,TRUE,0.175555143,TRUE,1,40,,78.03030396,,,
65,C17,1,A_300_40,so4793,Lambda,UNKNOWN,SYBR,None,,,,1.711305737,0.920435429,3.181719542,12.97331524,12.98324299,0.11446812,,-3.4699862,0.322249889,-0.775097549,TRUE,0.175555143,TRUE,1,40,,78.29864502,,,
66,C18,1,A_300_40,so4793,Lambda,UNKNOWN,SYBR,None,,,,1.711305737,0.920435429,3.181719542,12.87406158,12.98324299,0.11446812,,-3.4699862,0.322249889,-0.775097549,TRUE,0.175555143,TRUE,1,40,,79.23786163,,,
88,D16,1,C_300_0,so4793,Lambda,UNKNOWN,SYBR,None,,,,0.258696318,0.132342726,0.505685389,16.73668671,16.90737915,0.147828773,,-0.744220078,0.348280132,1.950668693,TRUE,0.175555143,TRUE,1,40,,78.03030396,,,
89,D17,1,C_300_0,so4793,Lambda,UNKNOWN,SYBR,None,,,,0.258696318,0.132342726,0.505685389,16.99391365,16.90737915,0.147828773,,-0.744220078,0.348280132,1.950668693,TRUE,0.175555143,TRUE,1,40,,79.10368347,,,
90,D18,1,C_300_0,so4793,Lambda,UNKNOWN,SYBR,None,,,,0.258696318,0.132342726,0.505685389,16.99153709,16.90737915,0.147828773,,-0.744220078,0.348280132,1.950668693,TRUE,0.175555143,TRUE,1,40,,79.23786163,,,
112,E16,1,C_300_1,so4793,Lambda,UNKNOWN,SYBR,None,,,,0.259643078,0.192661822,0.349911183,16.17292023,16.0637455,0.108518474,,-0.74949044,0.155039653,1.945398331,TRUE,0.175555143,TRUE,1,40,,77.89613342,,,
113,E17,1,C_300_1,so4793,Lambda,UNKNOWN,SYBR,None,,,,0.259643078,0.192661822,0.349911183,15.95589542,16.0637455,0.108518474,,-0.74949044,0.155039653,1.945398331,TRUE,0.175555143,TRUE,1,40,,78.83534241,,,
114,E18,1,C_300_1,so4793,Lambda,UNKNOWN,SYBR,None,,,,0.259643078,0.192661822,0.349911183,16.06241989,16.0637455,0.108518474,,-0.74949044,0.155039653,1.945398331,TRUE,0.175555143,TRUE,1,40,,79.10368347,,,
136,F16,1,C_300_40,so4793,Lambda,UNKNOWN,SYBR,None,,,,0.684366524,0.408323705,1.147025108,12.96262646,12.96269321,0.016384704,,-2.147729874,0.268348873,0.547158897,TRUE,0.175555143,TRUE,1,40,,76.28605652,,,
137,F17,1,C_300_40,so4793,Lambda,UNKNOWN,SYBR,None,,,,0.684366524,0.408323705,1.147025108,12.94634247,12.96269321,0.016384704,,-2.147729874,0.268348873,0.547158897,TRUE,0.175555143,TRUE,1,40,,79.10368347,,,
138,F18,1,C_300_40,so4793,Lambda,UNKNOWN,SYBR,None,,,,0.684366524,0.408323705,1.147025108,12.97911167,12.96269321,0.016384704,,-2.147729874,0.268348873,0.547158897,TRUE,0.175555143,TRUE,1,40,,79.23786163,,,
160,G16,1,D_300_0,so4793,Lambda,UNKNOWN,SYBR,None,,,,0.358362794,0.153712347,0.835481942,18.20386696,17.71386719,0.430698305,,-1.214381576,0.439838648,1.480507255,TRUE,0.175555143,TRUE,1,40,,78.16447449,,,
161,G17,1,D_300_0,so4793,Lambda,UNKNOWN,SYBR,None,,,,0.358362794,0.153712347,0.835481942,17.54253006,17.71386719,0.430698305,,-1.214381576,0.439838648,1.480507255,TRUE,0.175555143,TRUE,1,40,,78.96951294,,,
162,G18,1,D_300_0,so4793,Lambda,UNKNOWN,SYBR,None,,,,0.358362794,0.153712347,0.835481942,17.39520454,17.71386719,0.430698305,,-1.214381576,0.439838648,1.480507255,TRUE,0.175555143,TRUE,1,40,,78.96951294,,,
184,H16,1,D_300_1,so4793,Lambda,UNKNOWN,SYBR,None,,,,1.404820681,0.088609926,22.2720108,16.89055252,17.05797958,0.149037421,,-3.185274839,1.43592751,-0.490386009,TRUE,0.175555143,TRUE,1,40,,77.49360657,,,
185,H17,1,D_300_1,so4793,Lambda,UNKNOWN,SYBR,None,,,,1.404820681,0.088609926,22.2720108,17.1072216,17.05797958,0.149037421,,-3.185274839,1.43592751,-0.490386009,TRUE,0.175555143,TRUE,1,40,,79.10368347,,,
186,H18,1,D_300_1,so4793,Lambda,UNKNOWN,SYBR,None,,,,1.404820681,0.088609926,22.2720108,17.17616463,17.05797958,0.149037421,,-3.185274839,1.43592751,-0.490386009,TRUE,0.175555143,TRUE,1,40,,78.83534241,82.9947052,,
208,I16,1,D_300_40,so4793,Lambda,UNKNOWN,SYBR,None,,,,3.150929689,1.877451062,5.288211346,14.24421597,14.21218109,0.063767172,,-4.350666523,0.269049913,-1.655777574,TRUE,0.175555143,TRUE,1,40,,77.49360657,,,
209,I17,1,D_300_40,so4793,Lambda,UNKNOWN,SYBR,None,,,,3.150929689,1.877451062,5.288211346,14.25358009,14.21218109,0.063767172,,-4.350666523,0.269049913,-1.655777574,TRUE,0.175555143,TRUE,1,40,,78.96951294,,,
210,I18,1,D_300_40,so4793,Lambda,UNKNOWN,SYBR,None,,,,3.150929689,1.877451062,5.288211346,14.13874817,14.21218109,0.063767172,,-4.350666523,0.269049913,-1.655777574,TRUE,0.175555143,TRUE,1,40,,78.96951294,,,
1,A1,1,A_300_0,SulA,Stress_response,UNKNOWN,SYBR,None,,,,,,,19.93268394,19.59048843,0.483938873,,,,,TRUE,0.177217909,TRUE,1,40,,83.39722443,,,
2,A2,1,A_300_0,SulA,Stress_response,UNKNOWN,SYBR,None,,,,,,,NA,19.59048843,0.483938873,,,,,TRUE,0.177217909,TRUE,1,40,,61.79537582,,,
3,A3,1,A_300_0,SulA,Stress_response,UNKNOWN,SYBR,None,,,,,,,19.24829102,19.59048843,0.483938873,,,,,TRUE,0.177217909,TRUE,1,40,,84.33643341,,,
25,B1,1,A_300_1,SulA,Stress_response,UNKNOWN,SYBR,None,,,,,,,15.5389986,16.75444603,1.180532217,,,,,TRUE,0.177217909,TRUE,1,40,,83.93391418,,,
26,B2,1,A_300_1,SulA,Stress_response,UNKNOWN,SYBR,None,,,,,,,17.89665222,16.75444603,1.180532217,,,,,TRUE,0.177217909,TRUE,1,40,,82.45800781,,,
27,B3,1,A_300_1,SulA,Stress_response,UNKNOWN,SYBR,None,,,,,,,16.82769203,16.75444603,1.180532217,,,,,TRUE,0.177217909,TRUE,1,40,,84.87312317,,,
49,C1,1,A_300_40,SulA,Stress_response,UNKNOWN,SYBR,None,,,,,,,16.30246925,16.4532299,0.546289325,,,,,TRUE,0.177217909,TRUE,1,40,,82.72635651,,,
50,C2,1,A_300_40,SulA,Stress_response,UNKNOWN,SYBR,None,,,,,,,17.05906677,16.4532299,0.546289325,,,,,TRUE,0.177217909,TRUE,1,40,,81.78714752,,,
51,C3,1,A_300_40,SulA,Stress_response,UNKNOWN,SYBR,None,,,,,,,15.99815083,16.4532299,0.546289325,,,,,TRUE,0.177217909,TRUE,1,40,,83.53139496,,,
73,D1,1,C_300_0,SulA,Stress_response,UNKNOWN,SYBR,None,,,,,,,17.69399261,17.65159798,0.584845066,,,,,TRUE,0.177217909,TRUE,1,40,,81.65296936,,,
74,D2,1,C_300_0,SulA,Stress_response,UNKNOWN,SYBR,None,,,,,,,18.21409416,17.65159798,0.584845066,,,,,TRUE,0.177217909,TRUE,1,40,,82.18966675,,,
75,D3,1,C_300_0,SulA,Stress_response,UNKNOWN,SYBR,None,,,,,,,17.04671097,17.65159798,0.584845066,,,,,TRUE,0.177217909,TRUE,1,40,,83.66556549,,,
97,E1,1,C_300_1,SulA,Stress_response,UNKNOWN,SYBR,None,,,,,,,16.98044586,16.81323433,0.245633096,,,,,TRUE,0.177217909,TRUE,1,40,,82.45800781,,,
98,E2,1,C_300_1,SulA,Stress_response,UNKNOWN,SYBR,None,,,,,,,16.92803955,16.81323433,0.245633096,,,,,TRUE,0.177217909,TRUE,1,40,,82.59218597,,,
99,E3,1,C_300_1,SulA,Stress_response,UNKNOWN,SYBR,None,,,,,,,16.53122139,16.81323433,0.245633096,,,,,TRUE,0.177217909,TRUE,1,40,,84.33643341,,,
121,F1,1,C_300_40,SulA,Stress_response,UNKNOWN,SYBR,None,,,,,,,15.41908646,15.11042309,0.464504987,,,,,TRUE,0.177217909,TRUE,1,40,,82.32383728,,,
122,F2,1,C_300_40,SulA,Stress_response,UNKNOWN,SYBR,None,,,,,,,15.33597374,15.11042309,0.464504987,,,,,TRUE,0.177217909,TRUE,1,40,,82.32383728,,,
123,F3,1,C_300_40,SulA,Stress_response,UNKNOWN,SYBR,None,,,,,,,14.57621002,15.11042309,0.464504987,,,,,TRUE,0.177217909,TRUE,1,40,,84.6047821,,,
145,G1,1,D_300_0,SulA,Stress_response,UNKNOWN,SYBR,None,,,,,,,19.35608101,18.92824745,0.628389239,,,,,TRUE,0.177217909,TRUE,1,40,,81.25045776,,,
146,G2,1,D_300_0,SulA,Stress_response,UNKNOWN,SYBR,None,,,,,,,19.22186852,18.92824745,0.628389239,,,,,TRUE,0.177217909,TRUE,1,40,,81.3846283,,,
147,G3,1,D_300_0,SulA,Stress_response,UNKNOWN,SYBR,None,,,,,,,18.20679665,18.92824745,0.628389239,,,,,TRUE,0.177217909,TRUE,1,40,,83.39722443,,,
169,H1,1,D_300_1,SulA,Stress_response,UNKNOWN,SYBR,None,,,,,,,18.7691288,20.24325371,2.482630014,,,,,TRUE,0.177217909,TRUE,1,40,,82.59218597,,,
170,H2,1,D_300_1,SulA,Stress_response,UNKNOWN,SYBR,None,,,,,,,23.10955811,20.24325371,2.482630014,,,,,TRUE,0.177217909,TRUE,1,40,,80.84793091,,,
171,H3,1,D_300_1,SulA,Stress_response,UNKNOWN,SYBR,None,,,,,,,18.85107613,20.24325371,2.482630014,,,,,TRUE,0.177217909,TRUE,1,40,,82.72635651,,,
193,I1,1,D_300_40,SulA,Stress_response,UNKNOWN,SYBR,None,,,,,,,18.51283264,18.56284904,0.461624652,,,,,TRUE,0.177217909,TRUE,1,40,,82.9947052,,,
194,I2,1,D_300_40,SulA,Stress_response,UNKNOWN,SYBR,None,,,,,,,19.04744339,18.56284904,0.461624652,,,,,TRUE,0.177217909,TRUE,1,40,,81.65296936,,,
195,I3,1,D_300_40,SulA,Stress_response,UNKNOWN,SYBR,None,,,,,,,18.12826729,18.56284904,0.461624652,,,,,TRUE,0.177217909,TRUE,1,40,,84.06808472,,,